﻿<?xml version="1.0" encoding="utf-8" standalone="no" ?>
<placeable>
    <storeData>
        <name>BaumSchule</name>
        <image>store_baumschule.dds</image>
        <price>85000</price>
        <dailyUpkeep>10</dailyUpkeep>
        <lifetime>1000</lifetime>
        <rotation>0</rotation>
        <brand>GCPLACEABLE</brand>
        <specs>
            <capacity>50000</capacity>
            <fillTypes>water seeds manure</fillTypes>
        </specs>
		<functions>
			<function>$l10n_function_BaumSchule</function>
        </functions>
        <species>placeable</species>
        <category>globalCompanyPlaceable</category>
    </storeData>

    <placeableType>GC_ProductionFactoryPlaceable</placeableType>
    <filename>Baum_Schule.i3d</filename>
    <placement testSizeX="33" testSizeZ="25" sizeX="33" sizeZ="25" useRandomYRotation="false" useManualYRotation="true" />

    <hotspots>
        <hotspot name="BAUMSCHULE" fullName="BaumSchule" imageName="SELLING_POINT" showName="true" hidable="true" linkNode="3" category="CATEGORY_TRIGGERS" />
    </hotspots>

	<dayNightObjects>
        <dayNightObject node="6|5|6|0|0" intensityDay="0" intensityNight="1" />
        <dayNightObject node="6|5|6|0|1" visibleDay="false" visibleNight="true" />
        <dayNightObject node="6|5|7|0|0" intensityDay="0" intensityNight="1" />
        <dayNightObject node="6|5|7|0|1" visibleDay="false" visibleNight="true" />		
    </dayNightObjects>

    <animatedObjects>
       <animatedObject saveId="SCS_Light_01" >
            <animation duration="1">
                <part node="6|0|9|0">
                    <keyFrame time="0.21" visibility="false"/>
                    <keyFrame time="0.3" visibility="true"/>
                </part>
                <part node="6|0|10|0">
                    <keyFrame time="0.31" visibility="false"/>
                    <keyFrame time="0.4" visibility="true"/>
                </part>
	        </animation>
            <controls triggerNode="6|0|11|0" posAction="ACTIVATE_HANDTOOL" posText="Licht an" negText="Licht aus" />
            <sounds>
                <posEnd file="$data/sounds/player/flashlight/flashlight.wav" linkNode="6|0|11|0" volume="0.8" radius="25" innerRadius="3" />
            </sounds>
        </animatedObject>	
    </animatedObjects> 	
	
	<tipOcclusionUpdateArea sizeX="33" sizeZ="25" />	
	
	<clearAreas>
        <clearArea startIndex="4|0" widthIndex="4|0|0" heightIndex="4|0|1"/>		
    </clearAreas>
	
	<leveling requireLeveling="true" maxSmoothDistance="5" maxSlope="30" maxEdgeAngle="20" >
        <levelAreas>
            <levelArea startNode="4|0" widthNode="4|0|0" heightNode="4|0|1" groundType="ground"/>			
        </levelAreas>
    </leveling>
	
	<productionFactories>
		<productionFactory indexName="BAUMSCHULE" saveId="globalCompany_baumSchule">
			<guiInformation title="GlobalCompanyPlaceable_BaumSchule_FactoryName" imageFilename="store_baumschule.dds" description="GlobalCompanyPlaceable_BaumSchule_FactoryDescription" cameraFeed="gui_camera"/>
			
			<operation updateDelayMinutes="10" showInGlobalGUI="true" />
			
			<registerUnloadingTriggers>
				<unloadingTrigger name="UnloadingTriggerWasser" exactFillRootNode="exactFillRootNode1" />
				<unloadingTrigger name="UnloadingTriggerSaatgut" exactFillRootNode="exactFillRootNode2" palletTriggerNode="palletTrigger" />
				<unloadingTrigger name="UnloadingTriggerMist" exactFillRootNode="exactFillRootNode3" />
			</registerUnloadingTriggers>
			
			<registerInputProducts>				
				<inputProduct name="IP_WATER" capacity="100000" title="GlobalCompanyPlaceable_BaumSchule_Input1" > 
					<fillTypes>
						<fillType name="water" />						
					</fillTypes>
					
					<purchase fixedPricePerLitre="1.6" /> 
					
					<inputMethods>
						<unloadingTrigger name="UnloadingTriggerWasser"/>
					</inputMethods>

					<movers>
					    <mover node="Plane01">
						    <translation minimum="-1.815 0.017 1.576" maximum="-1.815 0.405 1.576" />
					    </mover>
                    </movers>					
					
					<digitalDisplays>
						<display displayType="LEVEL" numbers="IN_Display1" emptyNumberColor="1 0 0 1" numberColor="1 1 0 1" fullNumberColor="0 1 0 1"/>
					</digitalDisplays>
				</inputProduct>
				<inputProduct name="IP_SEEDS" capacity="10000" title="GlobalCompanyPlaceable_BaumSchule_Input2">
					<fillTypes>
						<fillType name="seeds" />
					</fillTypes>				
					
					<purchase fixedPricePerLitre="1.3" /> 
					
					<inputMethods>
						<unloadingTrigger name="UnloadingTriggerSaatgut"/>
					</inputMethods>

					<movers>
					    <mover node="seeds">
						    <translation minimum="-3.448 -1.53 5.879" maximum="-3.448 -0.629 5.879" />
					    </mover>
                    </movers>					
					
					<digitalDisplays>
						<display displayType="LEVEL" numbers="IN_Display2" emptyNumberColor="1 0 0 1" numberColor="1 1 0 1" fullNumberColor="0 1 0 1"/>
					</digitalDisplays>
				</inputProduct>
				<inputProduct name="IP_MANURE" capacity="25000" title="GlobalCompanyPlaceable_BaumSchule_Input3">
					<fillTypes>
						<fillType name="manure" />
					</fillTypes>				
					
					<purchase fixedPricePerLitre="1.3" /> 
					
					<inputMethods>
						<unloadingTrigger name="UnloadingTriggerMist"/>
					</inputMethods>
					                   
					<movers>
					    <mover node="Plane02">
						    <translation minimum="-2.621 -2.041 3.826" maximum="-2.621 -0.097 3.826" />
					    </mover>
					    <mover node="Plane03">
						    <translation minimum="-9.688 0.033 10.357" maximum="-9.688 0.135 10.357" />
					    </mover>						
                    </movers>						
					
					<digitalDisplays>
						<display displayType="LEVEL" numbers="IN_Display3" emptyNumberColor="1 0 0 1" numberColor="1 1 0 1" fullNumberColor="0 1 0 1"/>
					</digitalDisplays>
				</inputProduct>				
			</registerInputProducts>
			
			<registerOutputProducts>
				<outputProduct name="OP_TREESAPLINGS" fillType="treeSaplings" capacity="50000" >
					<outputMethods>						
						<objectSpawner xmlFilename="treeSaplingPallet.xml">
							<area startNode="start1" endNode="end1" />
							<area startNode="start2" endNode="end2" />
							<area startNode="start3" endNode="end3" />
						</objectSpawner>
					</outputMethods>	
					<digitalDisplays>
						<display displayType="LEVEL" numbers="OP_Display" emptyNumberColor="0 1 0 1" numberColor="1 1 0 1" fullNumberColor="1 0 0 1"/>
					</digitalDisplays>
				</outputProduct>
			</registerOutputProducts>
			
			<productLines>
				<productLine autoLineStart="true" outputPerHour="400" title="GlobalCompanyPlaceable_BaumSchule_productLine_treeSaplings" showInGUI="true">
					<inputs>
						<inputProduct name="IP_WATER" percent="100" />
						<inputProduct name="IP_SEEDS" percent="10" />
						<inputProduct name="IP_MANURE" percent="25" />
					</inputs>					
					<outputs>
						<outputProduct name="OP_TREESAPLINGS" percent="100" />
					</outputs>					
					<playerTrigger playerTriggerNode="PlayerTrigger" showPopupUI="true"/>					
				</productLine>
			</productLines>		
			
			<i3dMappings>  
				<i3dMapping id="exactFillRootNode1" node="0|0|0" />
				<i3dMapping id="exactFillRootNode2" node="0|1|0" />
				<i3dMapping id="exactFillRootNode3" node="0|2|0" />
    			<i3dMapping id="IN_Display1" node="0|0|1" />			
    			<i3dMapping id="IN_Display2" node="0|1|1" />
				<i3dMapping id="IN_Display3" node="0|2|1" />
				<i3dMapping id="OP_Display" node="1|0|3" />
				<i3dMapping id="start1" node="1|0|0" />
				<i3dMapping id="end1" node="1|0|0|0" />
				<i3dMapping id="start2" node="1|0|1" />
				<i3dMapping id="end2" node="1|0|1|0" />				
				<i3dMapping id="start3" node="1|0|2" />
    			<i3dMapping id="end3" node="1|0|2|0" />				
				<i3dMapping id="PlayerTrigger" node="5" />				
				<i3dMapping id="palletTrigger" node="0|1|2" />
				<i3dMapping id="gui_camera" node="7"/>
				<i3dMapping id="Plane01" node="0|0|2"/>
				<i3dMapping id="Plane02" node="0|2|2"/>
				<i3dMapping id="Plane03" node="0|2|3"/>
				<i3dMapping id="seeds" node="0|1|3"/>								
			</i3dMappings>				
		</productionFactory>
	</productionFactories>	
</placeable>