<?xml version="1.0" encoding="UTF-8" standalone="yes" ?>
<l10n>
	<elements>
		<e k="GlobalCompanyPlaceable_BaumSchule_FactoryName" v="BaumSchule"/>
		<e k="GlobalCompanyPlaceable_BaumSchule_FactoryDescription" v="Die BaumSchule stellt Setzlinge her. Dazu wird Wasser Saatgut und Mist gebraucht."/>
		<e k="GlobalCompanyPlaceable_BaumSchule_productLine_treeSaplings" v="Setzling Herstellung"/>
		<e k="GlobalCompanyPlaceable_BaumSchule_Input1" v="Wasser"/>
		<e k="GlobalCompanyPlaceable_BaumSchule_Input2" v="Saatgut"/>
		<e k="GlobalCompanyPlaceable_BaumSchule_Input3" v="Mist"/>
		<e k="GlobalCompanyPlaceable_BaumSchule_Output1" v="Setzlinge"/>
	</elements>
</l10n>