<?xml version="1.0" encoding="UTF-8" standalone="yes" ?>
<l10n>
	<elements>
		<e k="GlobalCompanyPlaceable_BaumSchule_FactoryName" v="Tree nursery"/>
		<e k="GlobalCompanyPlaceable_BaumSchule_FactoryDescription" v="The tree nursery makes seedlings. It requires water seed and dung."/>
		<e k="GlobalCompanyPlaceable_BaumSchule_productLine_treeSaplings" v="TreeSapling Production"/>
		<e k="GlobalCompanyPlaceable_BaumSchule_Input1" v="water"/>
		<e k="GlobalCompanyPlaceable_BaumSchule_Input2" v="seeds"/>
		<e k="GlobalCompanyPlaceable_BaumSchule_Input3" v="manure"/>
		<e k="GlobalCompanyPlaceable_BaumSchule_Output1" v="treeSaplings"/>
	</elements>
</l10n>