﻿<?xml version="1.0" encoding="utf-8" standalone="no" ?>
<modDesc descVersion="44">
	<author>Jan Bechmann</author>
    <version>1.0.1.1</version>
    <title>
        <en>GlobalCompany - tree nursery</en>
        <de>GlobalCompany - Baum Schule</de>
    </title>
    <description>
        <de><![CDATA[Herstellung von Setzlingen.
  			Benötigte Rohstoffe: Saatgut, Wasser, Mist
			Produkt: Setzlinge
		    Information: Mod funktioniert nur in kombination mit GlobalCompany!]]>
		</de>
    </description>
    <iconFilename>store_baumschule.dds</iconFilename>
    <multiplayer supported="true" />
	<l10n>
		<text name="function_BaumSchule">
			<en><![CDATA[seedlings are produced in the tree nursery.]]></en>
			<de><![CDATA[In der Baumschule werden Setzlinge hergestellt.]]></de>
		</text>		
	</l10n>	
    <storeItems>
        <storeItem xmlFilename="baum_Schule.xml" />
		<storeItem xmlFilename="treeSaplingPallet.xml" />
    </storeItems>
	<extraSourceFiles>
		<sourceFile filename="GC_Checker.lua" />
    </extraSourceFiles>
    <brands>
        <brand name="GCPLACEABLE" title="GlobalCompany Placeable" image="../FS19_GlobalCompany/brand_placeable.dds" />
    </brands>
	<globalCompany minimumVersion="1.0.0.0" />
</modDesc>
