﻿<?xml version="1.0" encoding="utf-8" standalone="no" ?>
<placeable>
    <storeData>
		<name>DuengerherstellungMerten</name>		
        <image>store/Duenger.dds</image>
        <price>120000</price>
        <lifetime>1000</lifetime>
        <dailyUpkeep>250</dailyUpkeep>
        <rotation>0</rotation>
        <brand>FEDMODSProduktion</brand>
		<functions>
            <function>$l10n_FEDmods_Duenger_function</function>
        </functions>
        <specs>
            <capacity>150000</capacity>
            <fillTypes>manure compost liquidmanure digestate</fillTypes>
        </specs>
        <species>placeable</species>
        <category>globalCompanyPlaceable</category>
    </storeData>

    <placeableType>GC_ProductionFactoryPlaceable</placeableType>
    <filename>FS19_Duengerherstellung.i3d</filename>	
    <placement testSizeX="30" testSizeZ="17" sizeX="25" sizeZ="12" useRandomYRotation="false" useManualYRotation="true"/>
	
	<tipOcclusionUpdateArea sizeX="25" sizeZ="12"/>

	<hotspots>
      <hotspot name="$l10n_FEDmods_Duenger_FactoryName" fullName="$l10n_FEDmods_Duenger_FactoryName" imageName="SELLING_POINT" hidable="true" appearsOnPDA="true" persistent="false" showName="true" linkNode="5" category="CATEGORY_TRIGGERS"/>
	</hotspots>
	
    <leveling requireLeveling="true" maxSmoothDistance="10" maxSlope="75" maxEdgeAngle="30">
        <levelAreas>
            <levelArea startNode="6|0" widthNode="6|0|0" heightNode="6|0|1" groundType="concrete"/>
			
        </levelAreas>
    </leveling>	

    <clearAreas>
        <clearArea startNode="7|0" widthNode="7|0|0" heightNode="7|0|1"/>
    </clearAreas>
	
	<seasons>
        <maskAreas>
            <maskArea startNode="6|0" widthNode="6|0|0" heightNode="6|0|1" />
        </maskAreas>
    </seasons>
	
	<triggerMarkers>
        <triggerMarker node="5"/>
    </triggerMarkers>
	
    <productionFactories>
        <productionFactory indexName="DUENGER" saveId="globalCompany_DuengerMerten">
            <guiInformation title="FEDmods_Duenger_FactoryName" imageFilename="icon_Duenger.dds" description="FEDmods_Duenger_Description" cameraFeed="gui_camera" />
			
            <operation updateDelayMinutes="10" showInGlobalGUI="true" canPurchaseInputs="true" />

			<registerUnloadingTriggers> <!-- Beladen von der Fabrik -->
				<unloadingTrigger name="UnloadingTriggerLiquid" exactFillRootNode="exactFillRootNode1" />
				<unloadingTrigger name="UnloadingTriggerManure" exactFillRootNode="exactFillRootNode" />
			</registerUnloadingTriggers>
			
			<registerLoadingTriggers> <!-- Beladen vom Anhänger -->
				<loadingTrigger name="LoadingTrigger" triggerNode="trigger" fillLitersPerSecond="2000" autoStart="true">
					<dischargeInfo dischargeNode="dischargeNode" />
					<sounds fillSoundIdentifier="fillSound01" />
					<effectNode effectNode="grain" materialType="unloading" materialTypeId="3" fadeTime="0.5" />
					<effectNode effectNode="smoke" materialType="smoke"    materialTypeId="1" fadeTime="0.5" />
				</loadingTrigger>
			</registerLoadingTriggers>

			<registerInputProducts> 
                <inputProduct name="IP_LIQUID" capacity="150000" title="FEDmods_Duenger_Input1">
                    <fillTypes>    
                        <fillType name="liquidmanure" />
                        <fillType name="digestate" />                         
                    </fillTypes>
					
					<purchase useSellPointPrice="liquidmanure" purchaseMultiplier="1.0"/>
					
                    <inputMethods>
                        <unloadingTrigger name="UnloadingTriggerLiquid" />
                    </inputMethods>

					<movers>
						<mover node="liquidManure">
							<translation minimum="-2.859 0.1 -4.713" maximum="-2.859 1.038 -4.713" />
						</mover>
					</movers>
						
					<digitalDisplays>
						<display displayType="LEVEL" numbers="weightDisplay_in1" emptyNumberColor="1 0 0 1" numberColor="1 1 0 1" fullNumberColor="0 1 0 1"/>
					</digitalDisplays>
                </inputProduct>

				<inputProduct name="IP_MANURE" capacity="150000" title="FEDmods_Duenger_Input2">
                    <fillTypes>    
                        <fillType name="manure" />
						<fillType name="compost"/>
                    </fillTypes>
					
					<purchase useSellPointPrice="manure" purchaseMultiplier="1.0"/>
					
                    <inputMethods>
                        <unloadingTrigger name="UnloadingTriggerManure" />
                    </inputMethods>

					<movers>
						<mover node="Plane1">
							<translation minimum="6.57 -3.741 -0.071" maximum="6.57 -0.813 -0.922" />
						</mover>
					</movers>
						
					<digitalDisplays>
						<display displayType="LEVEL" numbers="weightDisplay_in2" emptyNumberColor="1 0 0 1" numberColor="1 1 0 1" fullNumberColor="0 1 0 1"/>
					</digitalDisplays>
                </inputProduct>		
            </registerInputProducts>

			<registerOutputProducts>				
                <outputProduct name="OP_FERTILIZER" fillType="fertilizer" capacity="150000">
                    <outputMethods>
						<loadingTrigger name="LoadingTrigger" />
					</outputMethods>
					<digitalDisplays>
						<display displayType="LEVEL" numbers="weightDisplay_out1" emptyNumberColor="0 1 0 1" numberColor="1 1 0 1" fullNumberColor="1 0 0 1"/>
					</digitalDisplays>
                </outputProduct>
            </registerOutputProducts>

			<productLines>
                <productLine autoLineStart="true" outputPerHour="3000" title="FEDmods_Duenger_productLine_fertilizer" showInGUI="true">
                    <inputs>
                        <inputProduct name="IP_LIQUID" 	percent="50" />
						<inputProduct name="IP_MANURE" 	percent="50" />
                    </inputs>
                    <outputs>
                        <outputProduct name="OP_FERTILIZER" percent="100" />
                    </outputs>
					<playerTrigger playerTriggerNode="PlayerTrigger" showPopupUI="true"/>					
					<operatingParts>						
						<sounds>
							<sound geSoundNode="audio"/>
						</sounds>
					</operatingParts>
	            </productLine>
            </productLines>

			<i3dMappings>
                <i3dMapping id="trigger" node="0|0|0|0"/>
				<i3dMapping id="dischargeNode" node="0|0|0|1"/>
				<i3dMapping id="grain" node="0|0|0|2|0"/>
				<i3dMapping id="smoke" node="0|0|0|2|1"/>
				<i3dMapping id="liquidManure" node="1|3"/>
				<i3dMapping id="Plane1" node="1|4"/>
				<i3dMapping id="exactFillRootNode" node="8|0"/>
				<i3dMapping id="exactFillRootNode1" node="8|1"/>
				<i3dMapping id="weightDisplay_out1" node="11"/>
				<i3dMapping id="weightDisplay_in1" node="12"/>
				<i3dMapping id="weightDisplay_in2" node="13"/>
				<i3dMapping id="audio" node="15|0|0"/>
				<i3dMapping id="PlayerTrigger" node="16"/>
				<i3dMapping id="gui_camera" node="17"/>
            </i3dMappings>
        </productionFactory>
    </productionFactories> 

	<dayNightObjects>
		<dayNightObject node="9|0|0|0" intensityDay="0" intensityNight="1" />
      	<dayNightObject node="9|0|0|1" visibleDay="false" visibleNight="true" />
		<dayNightObject node="9|1|0|0" intensityDay="0" intensityNight="1" />
      	<dayNightObject node="9|1|0|1" visibleDay="false" visibleNight="true" />	
		<dayNightObject node="9|2|0|0" intensityDay="0" intensityNight="1" />
      	<dayNightObject node="9|2|0|1" visibleDay="false" visibleNight="true" />	
	</dayNightObjects>
</placeable>
