﻿<?xml version="1.0" encoding="utf-8" standalone="no" ?>
<modDesc descVersion="44">
    <author>FedAction, dtmaster, Phlaryu</author>
    <version>2.3</version>
   
    <title>
        <en>NF Mod Map Fertilizer Production</en>
        <de>NF Mod Map DuengerfabrikMerten</de>
    </title>
	
    <description>
		<en>
            <![CDATA[• NF Mod Map Fertilizer Production with GlobalCompany-Script
            Price: 120000 €
            Blend
            Slurry/Digestate: 50 %
            Manure: 50 %
            Upkeep: 250 € / Day
			
			Information: Mod is only usable in combination with GlobalCompany!]]>
        </en>
        <de>
            <![CDATA[• NF Mod Map Düngerherstellung mit GlobalCompany-Script
            Preis: 120000 €
            Mischung
            Gülle/Gärreste: 50 %
            Mist/Kompost: 50 %
            Unterhaltskosten: 250 € / Tag
			
			Information: Mod nur in Verbindung mit GlobalCompany spielbar!]]>
        </de>
    </description>
	
	<iconFilename>icon_Duenger.png</iconFilename>	
    <multiplayer supported="true"/>		
 
	<extraSourceFiles>	
        <sourceFile filename="GC_Checker.lua" /> 
	</extraSourceFiles>
	
	<globalCompany minimumVersion="1.0.0.0" />
	
	<storeItems>
        <storeItem xmlFilename="FS19_Duengerherstellung.xml"/>
    </storeItems>
		
	<brands>
		<brand name="FEDMODSProduktion" title="FedModsProduktion" image="store/FedModsProduktion.png"/>
	</brands>	
	
</modDesc>