<?xml version="1.0" encoding="utf-8" standalone="no" ?>
<GUI>  
  <GuiElement type="image" template="gcDynStorage">
    <GuiElement type="image" template="gcDynStorageBackground">
        <GuiElement type="text" template="gcDynStorageTextHeader" id="gui_header" />    
        <GuiElement type="text" template="gcDynStorageTextInfo" id="gui_info" />    
    </GuiElement>

    <GuiElement type="table" template="gcDynStorageBox" id="gui_table_places">   
        <GuiElement type="button" template="gcDynStorageBoxBackgroud" isTableTemplate="true" onClick="onClickSetBox" onDoubleClick="onDoubleClickSetBox">
            <GuiElement type="text" template="gcDynStorageBoxTextNumber" onCreate="onCreateNumber" />    
            <GuiElement type="text" template="gcDynStorageBoxTextContent" onCreate="onCreateContent" />    
            <GuiElement type="text" template="gcDynStorageBoxTextFillLevel" onCreate="onCreateFillLevel" /> 
    	    <GuiElement type="image" template="gcDynStorageBoxFillLevelBg" size="202px 25px" position="0px -240px" visible="false" onCreate="onCreateFillLevelBarBg" >
                <GuiElement type="image" template="gcDynStorageBoxFillLevel" size="200px 23px" position="0px 0px" visible="false" onCreate="onCreateFillLevelBar" />
            </GuiElement>
        </GuiElement>    
    </GuiElement>

    <GuiElement type="flowLayout" template="gcDynStorageButtonsLayout">
        <GuiElement type="button" template="gcBaseGuiButton" inputAction="MENU_BACK" onClick="onClickClose" />
        <GuiElement type="text" template="gcBaseGuiButtonText" text="$l10n_GC_gui_buttons_back" />   
        <GuiElement type="button" position="50px 0px" template="gcBaseGuiButtonNext" inputAction="MENU_ACCEPT" onClick="onClickAccept" id="gui_button_accept" />
        <GuiElement type="text" template="gcBaseGuiButtonText" id="gui_button_accept" />     
    </GuiElement>
  </GuiElement>  
</GUI>