﻿<?xml version="1.0" encoding="utf-8" standalone="no" ?>
<vehicle type="kogelautoloadTrailer">
    <annotation>Copyright (C) Edward`s Modding, All Rights Reserved.</annotation>
    <storeData>
        <name>
            <en>ROAD TRAILER</en></name>
        <functions>
            <function>$l10n_function_easyAutoLoader</function>
			<function>$l10n_function_semiTrailer</function>
        </functions>
        <specs>
            <combination>Truck, Dolly</combination>
        </specs>
        <image>store.dds</image>
        <price>36030</price>
        <dailyUpkeep>45</dailyUpkeep>
        <lifetime>600</lifetime>
        <rotation>0</rotation>
        <brand>KOGEL</brand>
        <category>trailers</category>
        <vertexBufferMemoryUsage>1831488</vertexBufferMemoryUsage>
        <indexBufferMemoryUsage>220302</indexBufferMemoryUsage>
        <textureMemoryUsage>19683288</textureMemoryUsage>
        <instanceVertexBufferMemoryUsage>0</instanceVertexBufferMemoryUsage>
        <instanceIndexBufferMemoryUsage>0</instanceIndexBufferMemoryUsage>
    </storeData>
    <base>
        <typeDesc>$l10n_typeDesc_baleTrailer</typeDesc>
        <filename>flatbed.i3d</filename>
        <size width="4" length="16" lengthOffset="0.3"/>
        <components>
            <component centerOfMass="0 0.8 0" solverIterationCount="10" mass="12285"/>
			<component centerOfMass="0.00 -0.24 -0.01" solverIterationCount="25" mass="10" />
			<joint component1="1" component2="2" node="1>0" rotLimit="20 0 0" transLimit="0 0 0"/>
        </components>
        <schemaOverlay attacherJointPosition="0 0">
            <default name="DEFAULT_IMPLEMENT"/>
            <selected name="DEFAULT_IMPLEMENT_SELECTED"/>
        </schemaOverlay>
    </base>
   <wheels>
        <wheelConfigurations>
            <wheelConfiguration name="$l10n_configuration_valueDefault" price="0">
                <wheels autoRotateBackSpeed="2.0">
                    <wheel filename="scripts/315_80R22_5.xml" isLeft="true" hasParticles="true">
                        <physics tipOcclusionAreaGroupId="1"  restLoad="1.3" repr="wheelLeftFront" initialCompression="30" suspTravel="0.2" spring="30" damper="20" frictionScale="1.5"/>
                    </wheel>
                    <wheel filename="scripts/315_80R22_5.xml" isLeft="flase" hasParticles="true">
                        <physics tipOcclusionAreaGroupId="2"  restLoad="1.3" repr="wheelRightFront" initialCompression="30" suspTravel="0.2" spring="30" damper="20" frictionScale="1.5"/>
                    </wheel>
                    <wheel filename="scripts/315_80R22_5.xml" isLeft="true">
                        <physics tipOcclusionAreaGroupId="1"  restLoad="1.3" repr="wheelLeftMiddle" initialCompression="25" suspTravel="0.2" spring="30" damper="20" frictionScale="1.5"/>
                        <wheelChock/>
                        <wheelChock isInverted="true"/>
                    </wheel>
                    <wheel filename="scripts/315_80R22_5.xml" isLeft="false">
                        <physics tipOcclusionAreaGroupId="2"  restLoad="1.3" repr="wheelRightMiddle" initialCompression="25" suspTravel="0.2" spring="30" damper="20" frictionScale="1.5"/>
                    </wheel>
                    <wheel filename="scripts/315_80R22_5.xml" isLeft="true" hasTireTracks="true" hasParticles="true">
                        <physics tipOcclusionAreaGroupId="1"  restLoad="1.3" repr="wheelLeftBack" initialCompression="20" suspTravel="0.2" spring="30" damper="20" frictionScale="1.5"/>
                    </wheel>
                    <wheel filename="scripts/315_80R22_5.xml" isLeft="false" hasTireTracks="true" hasParticles="true">
                        <physics tipOcclusionAreaGroupId="2"  restLoad="1.3" repr="wheelRightBack" initialCompression="20" suspTravel="0.2" spring="30" damper="20" frictionScale="1.5"/>
                    </wheel>
                </wheels>
            </wheelConfiguration>
			<wheelConfiguration name="$l10n_configuration_valueDefault" price="0">
                <wheels>
                    <wheel filename="scripts/315_80R22_5.xml" configId="truckBack3" isLeft="true" >
                        <physics tipOcclusionAreaGroupId="1" restLoad="1.1" repr="wheelLeftFront"   forcePointRatio="0.5"  initialCompression="24" suspTravel="0.17" spring="50" damper="50" />
                        <additionalWheel filename="scripts/315_80R22_5.xml" configId="dual" offset="-0.65" />
                    </wheel>
                    <wheel filename="scripts/315_80R22_5.xml" configId="truckBack3" isLeft="false" >
                        <physics tipOcclusionAreaGroupId="1" restLoad="1.1" repr="wheelRightFront"  forcePointRatio="0.5"  initialCompression="24" suspTravel="0.17" spring="50" damper="50" />
                        <additionalWheel filename="scripts/315_80R22_5.xml" configId="dual" offset="-0.65" />
                    </wheel>
                    <wheel filename="scripts/315_80R22_5.xml" configId="truckBack3" isLeft="true" >
                        <physics tipOcclusionAreaGroupId="1" restLoad="1.1" repr="wheelLeftMiddle"  forcePointRatio="0.5"  initialCompression="17" suspTravel="0.17" spring="50" damper="50" />
                        <additionalWheel filename="scripts/315_80R22_5.xml" configId="dual" offset="-0.65" />
                        <wheelChock/>
                        <wheelChock isInverted="true" />
                    </wheel>
                    <wheel filename="scripts/315_80R22_5.xml" configId="truckBack3" isLeft="false" >
                        <physics tipOcclusionAreaGroupId="1" restLoad="1.1" repr="wheelRightMiddle" forcePointRatio="0.5"  initialCompression="17" suspTravel="0.17" spring="50" damper="50" />
                        <additionalWheel filename="scripts/315_80R22_5.xml" configId="dual" offset="-0.65" />
                    </wheel>
                    <wheel filename="scripts/315_80R22_5.xml" configId="truckBack3" isLeft="true" hasTireTracks="true" hasParticles="true" >
                        <physics tipOcclusionAreaGroupId="1" restLoad="1.1" repr="wheelLeftBack"    forcePointRatio="0.5"  initialCompression="10" suspTravel="0.17" spring="50" damper="50" />
                        <additionalWheel filename="scripts/315_80R22_5.xml" configId="dual" offset="-0.65" />
                    </wheel>
                    <wheel filename="scripts/315_80R22_5.xml" configId="truckBack3" isLeft="false" hasTireTracks="true" hasParticles="true" >
                        <physics tipOcclusionAreaGroupId="1" restLoad="1.1" repr="wheelRightBack"   forcePointRatio="0.5"  initialCompression="10" suspTravel="0.17" spring="50" damper="50" />
                        <additionalWheel filename="scripts/315_80R22_5.xml" configId="dual" offset="-0.65" />
                    </wheel>
                </wheels>
            </wheelConfiguration>
        </wheelConfigurations>
    </wheels>
	<rimColorConfigurations useDefaultColors="false" >
       <rimColorConfiguration name="Black Chrome" color="SHARED_BLACK2" material="2" />
		<rimColorConfiguration name="Chrome" color="SHARED_WHITE2" material="2"/>
		<rimColorConfiguration name="Silver Metallic" color="ITRUNNER_WHITE1" material="2"/>
		<rimColorConfiguration name="Blue Metallic" color="FLIEGL_BLUE1" material="2" />
        <rimColorConfiguration name="Purple Metallic" color="LIZARD_PURPLE1" material="2" />
        <rimColorConfiguration name="Orange Metallic" color="FIAT_ORANGEPAINT" material="2" />
        <rimColorConfiguration name="Black Metallic" color="FIAT_BLACKPAINT"  material="2" />
        <rimColorConfiguration name="Green Metallic" color="FIAT_GREENPAINT" material="2" />
		<rimColorConfiguration name="Claas Monster Metallic" color="0.4 0.6 0.02 1.0" material="2"  />
        <rimColorConfiguration name="Red Metallic" color="FLIEGL_RED1" material="2" />
        <rimColorConfiguration name="Yellow Metallic" color="BEDNAR_YELLOW1" material="27" />
        <rimColorConfiguration name="Brown Metallic" color="FLIEGL_BROWN1" material="27" />
		<rimColorConfiguration name="Midnight Purple Metallic" color="0.001 0 0.015 1" material="27" />
		<rimColorConfiguration name="Black Cherry Metallic" color="0.010 0 0 1" material="2" />
		<rimColorConfiguration name="Pearl White" color="FIAT_WHITEPAINT" material="2" />
        <rimColorConfiguration name="Stainless Steel" color="SHARED_WHITE2" material="35"/>
		<rimColorConfiguration name="Exley Fav" color="0.041 0.245 0.223 1.0" material="27" />
		<rimColorConfiguration name="Ice" color="0.455 0.855 1 1.0" material="2" />
		<rimColorConfiguration name="Midnight Purple" color="0.001 0 0.015 1" material="2" />
		<rimColorConfiguration name="Black Cherry" color="0.010 0 0 1" material="2" />
		<rimColorConfiguration name="Claas" color="0.4 0.6 0.02 1.0" material="2" />
        <rimColorConfiguration name="Claas Cat" color="0.800 0.443 0.008 1.0" material="2" />
        <rimColorConfiguration name="Claas Monster" color="0.4 0.6 0.02 1.0" material="2"  />
        <rimColorConfiguration name="KRONE YELLOW" color="KRONE_YELLOW1" material="2"/>
        <rimColorConfiguration name="KRONE GREEN" color="KRONE_GREEN1" material="2"/>
		<rimColorConfiguration name="STARA ORANGE" color="STARA_ORANGE" material="2"/>
        <rimColorConfiguration name="STARA GREEN" color="STARA_GREEN" material="2"/>
        <rimColorConfiguration name="BERGMANN GREEN" color="BERGMANN_GREEN1"/>
        <rimColorConfiguration name="BERGMANN WHITE" color="ITRUNNER_WHITE1" material="2"/>
		<rimColorConfiguration name="JOSKIN GREEN" color="JOSKIN_GREEN1"material="2" />
        <rimColorConfiguration name="JOSKIN YELLOW" color="JOSKIN_YELLOW1" material="2"/>
		<rimColorConfiguration name="STRAUTMANN GREEN" color="STRAUTMANN_GREEN1" material="2"/>
        <rimColorConfiguration name="STRAUTMANN RED" color="STRAUTMANN_RED1" material="2"/>
		<rimColorConfiguration name="ANNABURGER RED" color="ANNABURGER_RED1"/>
        <rimColorConfiguration name="ANNABURGER WHITE" color="ANNABURGER_WHITE1" material="2"/>
        <rimColorConfiguration name="VICON RED" color="VICON_RED1" material="2"/>		
        <rimColorConfiguration name="VICON DARKBLUE" color="VICON_DARKBLUE" material="2"/>		
        <rimColorConfiguration name="MAN BEIGE" color="MAN_BEIGECLASSIC" material="2"/>		
        <rimColorConfiguration name="MAN OLDGREEN" color="MAN_OLDGREEN" material="2"/>		
        <rimColorConfiguration name="MAN BLUE" color="MAN_BLUE6" material="2"/>
    </rimColorConfigurations>
    <dynamicallyLoadedParts>
        <dynamicallyLoadedPart node="0" linkNode="chockSupport01" filename="$data/shared/assets/wheelChocks/wheelChockSupport01.i3d"/>
        <dynamicallyLoadedPart node="0" linkNode="chockSupport02" filename="$data/shared/assets/wheelChocks/wheelChockSupport01.i3d"/>
    </dynamicallyLoadedParts>
    <connectionHoses>
        <hose inputAttacherJointIndices="1" type="airDoubleRed" node="hydraulicIn" length="1.75" diameter="0.02" minDeltaY="-0.05"/>
        <hose inputAttacherJointIndices="1" type="airDoubleYellow" node="hydraulicOut" length="1.75" diameter="0.02" minDeltaY="-0.05"/>
    </connectionHoses>
    <lights>
	    <sharedLight linkNode="sideMarker_01_backLeft" filename="$data/shared/assets/lights/lizard/sideMarker_01_left.xml"/>
        <sharedLight linkNode="sideMarker_01_backRight" filename="$data/shared/assets/lights/lizard/sideMarker_01_right.xml"/>
        <sharedLight linkNode="rearMultipointLight_02_left" filename="$data/shared/assets/lights/lizard/rearMultipointLight_02_left.xml"/>
        <sharedLight linkNode="rearMultipointLight_02_right" filename="$data/shared/assets/lights/lizard/rearMultipointLight_02_right.xml"/>
		
		<defaultLights>
            <defaultLight shaderNode="led" lightTypes="0 3"/>
        </defaultLights>
		
        <realLights>
            <high>
                <light node="backLightsHigh" lightTypes="0"/>
                <turnLightLeft node="turnLightLeftBack"/>
                <turnLightRight node="turnLightRightBack"/>
                <brakeLight node="backLightsHigh"/>
                <reverseLight node="reverseLight"/>
            </high>
        </realLights>
        <beaconLights>
            <beaconLight node="beaconLight" filename="$data/shared/assets/beaconLights/lizard/beaconLight06.xml"/>
        </beaconLights>
    </lights>
	
	<attacherJoints>
        <attacherJoint node="trailerAttacherJointBack" jointType="trailer" lowerRotLimit="10 70 50" upperRotationOffset="0" allowsJointLimitMovement="false" canTurnOnImplement="false" comboTime="1">
            <schema position="1 0" rotation="0" invertX="false"/>
            <attachSound template="ATTACH_01" linkNode="0>"/>
        </attacherJoint>
        <attacherJoint node="trailerAttacherJointBack" jointType="trailerLow" lowerRotLimit="10 70 50" upperRotationOffset="0" allowsJointLimitMovement="false" canTurnOnImplement="false" comboTime="1">
            <schema position="1 0" rotation="0" invertX="false"/>
            <attachSound template="ATTACH_01" linkNode="0>"/>
        </attacherJoint>
    </attacherJoints>
	
    <attachable>
        <inputAttacherJoints>
            <inputAttacherJoint node="attacherJoint" jointType="semitrailer"/>
        </inputAttacherJoints>
        <support animationName="moveSupport"/>
        <brakeForce>0.6</brakeForce>
    </attachable>
    <tensionBelts>
        <tensionBeltsConfigurations>
            <tensionBeltsConfiguration>
                <tensionBelts linkNode="tensionBelts" jointNode="flatbed_main_component1" width="0.075" maxEdgeLength="0.1" geometryBias="0.01" ratchetPosition="0.2" defaultOffset="0.1" defaultOffsetSide="0.1" defaultHeight="4" activationTrigger="beltActivationTrigger">
                    <tensionBelt startNode="beltStart1" endNode="beltEnd1" offsetLeft="1.3"/>
                    <tensionBelt startNode="beltStart2" endNode="beltEnd2"/>
                    <tensionBelt startNode="beltStart3" endNode="beltEnd3"/>
                    <tensionBelt startNode="beltStart4" endNode="beltEnd4"/>
                    <tensionBelt startNode="beltStart5" endNode="beltEnd5"/>
                    <tensionBelt startNode="beltStart6" endNode="beltEnd6"/>
                    <tensionBelt startNode="beltStart7" endNode="beltEnd7"/>
                    <tensionBelt startNode="beltStart8" endNode="beltEnd8"/>
                    <tensionBelt startNode="beltStart9" endNode="beltEnd9"/>
                    <tensionBelt startNode="beltStart10" endNode="beltEnd10"/>
                    <tensionBelt startNode="beltStart11" endNode="beltEnd11"/>
                    <tensionBelt startNode="beltStart12" endNode="beltEnd12"/>
                    <tensionBelt startNode="beltStart13" endNode="beltEnd13"/>
                    <tensionBelt startNode="beltStart14" endNode="beltEnd14"/>
                    <tensionBelt startNode="beltStart15" endNode="beltEnd15"/>
                    <tensionBelt startNode="beltStart16" endNode="beltEnd16" offsetRight="1.2"/>
                </tensionBelts>
            </tensionBeltsConfiguration>
        </tensionBeltsConfigurations>
    </tensionBelts>
	
	<foldable>
        <foldingParts>
            <foldingPart animationName="panelright" speedScale="0.6" />
        </foldingParts>
		<foldingParts>
            <foldingPart animationName="leftpanel" speedScale="0.6" />
        </foldingParts>
		<foldingParts>
            <foldingPart animationName="backpanel" speedScale="0.6" />
        </foldingParts>
    </foldable>
	
	<cylindered>
	
	    <movingTools>
            <movingTool node="panelright" playSound="true"/>
        </movingTools> 
		<movingTools>
            <movingTool node="leftpanel" playSound="true"/>
        </movingTools> 
		<movingTools>
            <movingTool node="backpanel" playSound="true"/>
        </movingTools> 
		
		
		<sounds>
            <hydraulic template="PICKUP_TRUNK" linkNode="flatbed_main_component1"/>
        </sounds> 
		
    </cylindered>
	
    <animations>
	    <animation name="panelright">
            <part node="panelright" startTime="0" endTime="1" startRot="0 0 0" endRot="0 0 -180"/>
			<part node="leftpanel" startTime="0" endTime="1" startRot="0 0 0" endRot="0 0 180"/>
			<part node="backpanel" startTime="0" endTime="1" startRot="0 0 0" endRot="177 0 0"/>
        </animation>
        <animation name="moveSupport">
            <part node="support" startTime="0" endTime="0.2" startTrans="0.038 0.964 3.41" endTrans="0.038 0.457 3.41"/>
        </animation>
        <animation name="moveTrigger">
            <part node="ealTriggersIndex" startTime="0" endTime="0.001" startTrans="0 -10 0" endTrans="0 0 0"/>
        </animation>
		<animation name="toggleCover">
            <part node="coverDecal" startTime="0"    endTime="0.05" visibility="true" />
            <part node="coverDecal" startTime="0.05" endTime="0.1"  visibility="false" />
        </animation>
    </animations>
	
	<cover>
        <coverConfigurations>
            <coverConfiguration>
                <cover openAnimation="toggleCover" fillUnitIndices="1" />
            </coverConfiguration>
        </coverConfigurations>
    </cover>
	
	
    <!--Configurable options for EasyAutoLoad-->
    <easyAutoLoad objectsIndex="ealObjectsIndex" triggersIndex="ealTriggersIndex" markerPositionsIndex="ealMarkerPositionsIndex" markerIndex="ealMarkerIndex" triggerAnimation="moveTrigger" centerMarkerIndex="1" unloadHeightOffset="-0.75">
        <levelBarOptions coloredIcons="true" iconColor="0.6307 0.6307 0.6307 1" fillLevelColor="0.991 0.3865 0.01 1"/>
        <palletIcon colorIcon="textures/pallet.png" overlayIcon="textures/palletIconOverlay.png"/>
        <roundBaleIcon colorIcon="textures/roundBale.png" overlayIcon="textures/roundBaleIconOverlay.png"/>
        <squareBaleIcon colorIcon="textures/squareBale.png" overlayIcon="textures/squareBaleIconOverlay.png"/>
        <weightIcon colorIcon="textures/weightIcon.png" overlayIcon="textures/weightIconOverlay.png"/>
        <moveableMarkerOptions minX="0 4 -25 -25" maxX="0 25 25 -4" minY="0 -0.7 -0.7 -0.7" maxY="0 15 15 15" minZ="0 -20 -30 -20" maxZ="0 20 -16 20" markerMoveSpeed="0.05"/>
    </easyAutoLoad>
    <foliageBending>
        <bendingNode minX="-1.35" maxX="1.35" minZ="-8.19" maxZ="7.45" yOffset="0.6"/>
    </foliageBending>
    <wearable wearDuration="480" workMultiplier="5" fieldMultiplier="2"/>
    <washable dirtDuration="90" washDuration="1" workMultiplier="3" fieldMultiplier="2"/>
    <i3dMappings>
        <i3dMapping id="flatbed_main_component1" node="0>"/>
        <i3dMapping id="attacherJoint" node="0>0|0|0"/>
        <i3dMapping id="support" node="0>0|0|1"/>
        <i3dMapping id="chockSupport01" node="0>0|0|2|0"/>
        <i3dMapping id="chockSupport02" node="0>0|0|2|1"/>
        <i3dMapping id="wheelChock01" node="0>0|0|2|2"/>
        <i3dMapping id="wheelChock02" node="0>0|0|2|3"/>
        <i3dMapping id="wheelLeftFront" node="0>0|1|0"/>
        <i3dMapping id="wheelRightFront" node="0>0|1|1"/>
        <i3dMapping id="wheelLeftMiddle" node="0>0|1|2"/>
        <i3dMapping id="wheelRightMiddle" node="0>0|1|3"/>
        <i3dMapping id="wheelLeftBack" node="0>0|1|4"/>
        <i3dMapping id="wheelRightBack" node="0>0|1|5"/>
		<i3dMapping id="sideMarker_01_backLeft" node="0>0|3|10"/>
        <i3dMapping id="sideMarker_01_backRight" node="0>0|3|11"/>
        <i3dMapping id="rearMultipointLight_02_left" node="0>0|3|1"/>
        <i3dMapping id="rearMultipointLight_02_right" node="0>0|3|2"/>
        <i3dMapping id="backLightsHigh" node="0>0|3|3"/>
        <i3dMapping id="turnLightLeftBack" node="0>0|3|4"/>
        <i3dMapping id="turnLightRightBack" node="0>0|3|5"/>
        <i3dMapping id="reverseLight" node="0>0|3|6"/>
        <i3dMapping id="tensionBelts" node="0>0|4"/>
        <i3dMapping id="beltStart1" node="0>0|4|0"/>
        <i3dMapping id="beltEnd1" node="0>0|4|0|0"/>
        <i3dMapping id="beltStart2" node="0>0|4|1"/>
        <i3dMapping id="beltEnd2" node="0>0|4|1|0"/>
        <i3dMapping id="beltStart3" node="0>0|4|2"/>
        <i3dMapping id="beltEnd3" node="0>0|4|2|0"/>
        <i3dMapping id="beltStart4" node="0>0|4|3"/>
        <i3dMapping id="beltEnd4" node="0>0|4|3|0"/>
        <i3dMapping id="beltStart5" node="0>0|4|4"/>
        <i3dMapping id="beltEnd5" node="0>0|4|4|0"/>
        <i3dMapping id="beltStart6" node="0>0|4|5"/>
        <i3dMapping id="beltEnd6" node="0>0|4|5|0"/>
        <i3dMapping id="beltStart7" node="0>0|4|6"/>
        <i3dMapping id="beltEnd7" node="0>0|4|6|0"/>
        <i3dMapping id="beltStart8" node="0>0|4|7"/>
        <i3dMapping id="beltEnd8" node="0>0|4|7|0"/>
        <i3dMapping id="beltStart9" node="0>0|4|8"/>
        <i3dMapping id="beltEnd9" node="0>0|4|8|0"/>
        <i3dMapping id="beltStart10" node="0>0|4|9"/>
        <i3dMapping id="beltEnd10" node="0>0|4|9|0"/>
        <i3dMapping id="beltStart11" node="0>0|4|10"/>
        <i3dMapping id="beltEnd11" node="0>0|4|10|0"/>
        <i3dMapping id="beltStart12" node="0>0|4|11"/>
        <i3dMapping id="beltEnd12" node="0>0|4|11|0"/>
        <i3dMapping id="beltStart13" node="0>0|4|12"/>
        <i3dMapping id="beltEnd13" node="0>0|4|12|0"/>
        <i3dMapping id="beltStart14" node="0>0|4|13"/>
        <i3dMapping id="beltEnd14" node="0>0|4|13|0"/>
        <i3dMapping id="beltStart15" node="0>0|4|14"/>
        <i3dMapping id="beltEnd15" node="0>0|4|14|0"/>
        <i3dMapping id="beltStart16" node="0>0|4|15"/>
        <i3dMapping id="beltEnd16" node="0>0|4|15|0"/>
        <i3dMapping id="beltActivationTrigger" node="0>0|4|16"/>
        <i3dMapping id="ealObjectsIndex" node="0>0|5|1"/>
        <i3dMapping id="ealTriggersIndex" node="0>0|5|3"/>
        <i3dMapping id="ealMarkerPositionsIndex" node="0>0|5|2"/>
        <i3dMapping id="ealMarkerIndex" node="0>0|5|0"/>
        <i3dMapping id="hydraulicIn" node="0>0|0|0|1"/>
        <i3dMapping id="hydraulicOut" node="0>0|0|0|0"/>
		<i3dMapping id="panelright" node="0>0|2|6"/>
		<i3dMapping id="leftpanel" node="0>0|2|0"/>
		<i3dMapping id="backpanel" node="0>0|2|5"/>
		<i3dMapping id="led" node="0>0|3|8|0"/>
		<i3dMapping id="beaconLight" node="0>0|3|9"/>
		<i3dMapping id="trailerAttacherJointBack" node="0>0|7"/>
		<i3dMapping id="coverDecal" node="0>0|2|16" />
	
    </i3dMappings>
</vehicle>
